{"val/loss":6.59487201506833,"epoch":1,"_runtime":2,"train/loss":8.434092989834872,"val/accuracy":0.024096385542168676,"train/accuracy":0.014447009821143556,"learning_rate":0.0008999912391317143,"_step":0,"_wandb":{"runtime":2},"_timestamp":1.7696972936050162e+09}